﻿Designator,Footprint,Quantity,Value,LCSC Part #
"C1, C10, C5",C_Disc_D3.0mm_W2.0mm_P2.50mm,3,22p,
"C11, C3, C4",C_Disc_D3.0mm_W2.0mm_P2.50mm,3,100n,
C2,C_Disc_D3.0mm_W2.0mm_P2.50mm,1,330n,
C6,C_Disc_D4.3mm_W1.9mm_P5.00mm,1,22p,
C7,CP_Radial_D6.3mm_P2.50mm,1,10u,
"C8, C9",CP_Radial_D6.3mm_P2.50mm,2,1u,
D1,D_DO-41_SOD81_P10.16mm_Horizontal,1,1N4001,
D2,D_DO-35_SOD27_P7.62mm_Horizontal,1,1N4148,
"H1, H2",MountingHole_3mm_Pad,2,MountingHole,
JP1,PinHeader_1x02_P2.54mm_Horizontal,1,Jumper_2_Open,
J_IN1,PinHeader_1x06_P2.54mm_Vertical,1,Conn_01x06,
J_OUT1,PinHeader_1x04_P2.54mm_Vertical,1,Conn_01x04,
J_SWCLKDIO1,PinHeader_1x02_P2.54mm_Horizontal,1,Conn_01x02,
J_SWD_IO1,PinHeader_1x04_P2.54mm_Horizontal,1,Conn_01x04,
Q_GATE_LED1,TO-92_Inline_Wide,1,2N3904,
"R1, R3",R_Axial_DIN0207_L6.3mm_D2.5mm_P7.62mm_Horizontal,2,220,
"R10, R14, R15, R16, R19, R9",R_Axial_DIN0207_L6.3mm_D2.5mm_P7.62mm_Horizontal,6,1k,
R11,R_Axial_DIN0207_L6.3mm_D2.5mm_P7.62mm_Horizontal,1,470,
"R12, R4",R_Axial_DIN0207_L6.3mm_D2.5mm_P7.62mm_Horizontal,2,47k,
"R13, R6",R_Axial_DIN0207_L6.3mm_D2.5mm_P7.62mm_Horizontal,2,68k,
"R17, R5",R_Axial_DIN0207_L6.3mm_D2.5mm_P7.62mm_Horizontal,2,100k,
"R18, R7",R_Axial_DIN0207_L6.3mm_D2.5mm_P7.62mm_Horizontal,2,51k,
R2,R_Axial_DIN0207_L6.3mm_D2.5mm_P7.62mm_Horizontal,1,4.7k,
R8,R_Axial_DIN0207_L6.3mm_D2.5mm_P7.62mm_Horizontal,1,10k,
U1,TO-220-3_Horizontal_TabDown,1,LM7805_TO220,
U2,DIP-8_W7.62mm_LongPads,1,6N138,
"U3, U6",DIP-8_W7.62mm_LongPads,2,LM358,
U4,DIP-8_W7.62mm_LongPads,1,MCP4822,
U5,RPi_Pico_SMD_TH,1,Pico,
